-- ============================================
-- 목업 데이터
-- ============================================
-- 카테고리 10개, 상품 각 10개 (총 100개), 할인상품 각 3개 (총 30개)
-- ============================================

-- 카테고리 (10개)
INSERT INTO product_category (name) VALUES
('채소'),      -- 1
('과일'),      -- 2
('육류'),      -- 3
('수산물'),    -- 4
('유제품'),    -- 5
('양념/소스'), -- 6
('면/즉석'),   -- 7
('음료'),      -- 8
('냉동식품'),  -- 9
('간식');      -- 10

-- ============================================
-- 상품 (카테고리별 10개씩)
-- ============================================

-- 1. 채소
INSERT INTO product (barcode, name, detail_name, category_id, price) VALUES
('8801001001', '양파', '국내산 양파 1kg', 1, 3500),
('8801001002', '감자', '국내산 감자 1kg', 1, 4000),
('8801001003', '당근', '국내산 당근 500g', 1, 2500),
('8801001004', '대파', '국내산 대파 한단', 1, 2000),
('8801001005', '마늘', '국내산 깐마늘 500g', 1, 8000),
('8801001006', '배추', '국내산 배추 1포기', 1, 5000),
('8801001007', '시금치', '국내산 시금치 300g', 1, 3000),
('8801001008', '애호박', '국내산 애호박 1개', 1, 1500),
('8801001009', '고추', '청양고추 200g', 1, 3500),
('8801001010', '버섯', '새송이버섯 300g', 1, 4000);

-- 2. 과일
INSERT INTO product (barcode, name, detail_name, category_id, price) VALUES
('8801002001', '사과', '부사 사과 5개입', 2, 12000),
('8801002002', '배', '신고배 3개입', 2, 15000),
('8801002003', '바나나', '수입 바나나 1송이', 2, 4500),
('8801002004', '귤', '제주 감귤 2kg', 2, 8000),
('8801002005', '포도', '샤인머스캣 500g', 2, 9000),
('8801002006', '딸기', '국내산 딸기 500g', 2, 11000),
('8801002007', '수박', '수박 1통', 2, 20000),
('8801002008', '참외', '성주 참외 5개입', 2, 10000),
('8801002009', '키위', '뉴질랜드 키위 10개입', 2, 7000),
('8801002010', '오렌지', '미국산 오렌지 10개입', 2, 12000);

-- 3. 육류
INSERT INTO product (barcode, name, detail_name, category_id, price) VALUES
('8801003001', '삼겹살', '국내산 삼겹살 500g', 3, 18000),
('8801003002', '목살', '국내산 목살 500g', 3, 16000),
('8801003003', '소고기', '한우 등심 300g', 3, 35000),
('8801003004', '닭가슴살', '국내산 닭가슴살 500g', 3, 7000),
('8801003005', '닭다리', '국내산 닭다리 1kg', 3, 9000),
('8801003006', '돼지갈비', '양념 돼지갈비 1kg', 3, 22000),
('8801003007', '차돌박이', '호주산 차돌박이 300g', 3, 15000),
('8801003008', '베이컨', '베이컨 200g', 3, 6000),
('8801003009', '소시지', '비엔나 소시지 500g', 3, 5500),
('8801003010', '오리고기', '훈제 오리 400g', 3, 12000);

-- 4. 수산물
INSERT INTO product (barcode, name, detail_name, category_id, price) VALUES
('8801004001', '고등어', '국내산 고등어 2마리', 4, 8000),
('8801004002', '갈치', '제주 갈치 1마리', 4, 15000),
('8801004003', '연어', '노르웨이 연어 300g', 4, 18000),
('8801004004', '새우', '흰다리 새우 500g', 4, 12000),
('8801004005', '오징어', '국내산 오징어 2마리', 4, 10000),
('8801004006', '조개', '바지락 500g', 4, 7000),
('8801004007', '꽃게', '국내산 꽃게 2마리', 4, 20000),
('8801004008', '멸치', '남해 멸치 200g', 4, 6000),
('8801004009', '참치', '참치 통조림 150g', 4, 3500),
('8801004010', '굴', '통영 생굴 300g', 4, 15000);

-- 5. 유제품
INSERT INTO product (barcode, name, detail_name, category_id, price) VALUES
('8801005001', '우유', '서울우유 1L', 5, 2800),
('8801005002', '치즈', '슬라이스 치즈 200g', 5, 5500),
('8801005003', '버터', '무염버터 200g', 5, 7000),
('8801005004', '요거트', '플레인 요거트 500g', 5, 4500),
('8801005005', '계란', '계란 30구', 5, 8000),
('8801005006', '생크림', '생크림 200ml', 5, 3500),
('8801005007', '모짜렐라', '모짜렐라 치즈 200g', 5, 6000),
('8801005008', '연유', '연유 300g', 5, 4000),
('8801005009', '두유', '무가당 두유 1L', 5, 3000),
('8801005010', '크림치즈', '크림치즈 200g', 5, 5000);

-- 6. 양념/소스
INSERT INTO product (barcode, name, detail_name, category_id, price) VALUES
('8801006001', '고추장', 'CJ 해찬들 고추장 500g', 6, 6500),
('8801006002', '된장', '순창 된장 500g', 6, 5500),
('8801006003', '간장', '진간장 1L', 6, 7000),
('8801006004', '참기름', '백설 참기름 320ml', 6, 9000),
('8801006005', '들기름', '국산 들기름 300ml', 6, 12000),
('8801006006', '식용유', '해바라기유 1L', 6, 5000),
('8801006007', '소금', '천일염 500g', 6, 3000),
('8801006008', '설탕', '백설탕 1kg', 6, 2500),
('8801006009', '식초', '현미식초 500ml', 6, 4000),
('8801006010', '케첩', '오뚜기 케첩 500g', 6, 3500);

-- 7. 면/즉석
INSERT INTO product (barcode, name, detail_name, category_id, price) VALUES
('8801007001', '라면', '신라면 5개입', 7, 4500),
('8801007002', '우동', '생우동 2인분', 7, 3500),
('8801007003', '스파게티', '스파게티면 500g', 7, 3000),
('8801007004', '쌀국수', '베트남 쌀국수 200g', 7, 2500),
('8801007005', '짜장면', '짜왕 4개입', 7, 6000),
('8801007006', '컵라면', '육개장 사발면 6개입', 7, 5500),
('8801007007', '떡볶이', '밀떡볶이 500g', 7, 4000),
('8801007008', '만두', '비비고 만두 400g', 7, 7000),
('8801007009', '햇반', '햇반 3개입', 7, 4500),
('8801007010', '카레', '오뚜기 카레 200g', 7, 3000);

-- 8. 음료
INSERT INTO product (barcode, name, detail_name, category_id, price) VALUES
('8801008001', '콜라', '코카콜라 1.5L', 8, 3000),
('8801008002', '사이다', '칠성사이다 1.5L', 8, 2800),
('8801008003', '생수', '삼다수 2L 6개입', 8, 5500),
('8801008004', '오렌지주스', '미닛메이드 1L', 8, 4000),
('8801008005', '커피', '맥심 믹스커피 100개입', 8, 18000),
('8801008006', '녹차', '현미녹차 50개입', 8, 8000),
('8801008007', '맥주', '카스 500ml 6캔', 8, 12000),
('8801008008', '소주', '참이슬 360ml', 8, 1800),
('8801008009', '막걸리', '장수막걸리 750ml', 8, 2500),
('8801008010', '이온음료', '포카리스웨트 1.5L', 8, 3000);

-- 9. 냉동식품
INSERT INTO product (barcode, name, detail_name, category_id, price) VALUES
('8801009001', '냉동밥', '햇반 컵반 3개입', 9, 6000),
('8801009002', '냉동피자', '오뚜기 피자 400g', 9, 8000),
('8801009003', '냉동만두', '풀무원 만두 1kg', 9, 12000),
('8801009004', '냉동치킨', '교촌 순살치킨 500g', 9, 10000),
('8801009005', '냉동새우', '칵테일 새우 300g', 9, 9000),
('8801009006', '아이스크림', '베스킨 파인트', 9, 7500),
('8801009007', '냉동볶음밥', '새우볶음밥 400g', 9, 5000),
('8801009008', '냉동감자', '감자튀김 500g', 9, 4500),
('8801009009', '냉동떡갈비', '떡갈비 400g', 9, 8500),
('8801009010', '냉동돈까스', '수제돈까스 400g', 9, 7000);

-- 10. 간식
INSERT INTO product (barcode, name, detail_name, category_id, price) VALUES
('8801010001', '과자', '새우깡 90g', 10, 1500),
('8801010002', '초콜릿', '가나초콜릿 100g', 10, 2500),
('8801010003', '젤리', '하리보 젤리 200g', 10, 3500),
('8801010004', '쿠키', '초코칩쿠키 200g', 10, 4000),
('8801010005', '빵', '단팥빵 5개입', 10, 5000),
('8801010006', '떡', '인절미 500g', 10, 6000),
('8801010007', '견과류', '믹스넛 300g', 10, 9000),
('8801010008', '감자칩', '프링글스 110g', 10, 3000),
('8801010009', '캔디', '츄파춥스 10개입', 10, 4000),
('8801010010', '아몬드', '허니버터 아몬드 200g', 10, 5500);

-- ============================================
-- 할인 상품 (카테고리별 3개씩, 총 30개)
-- ============================================

-- 1. 채소 할인
INSERT INTO discount_product (barcode, discount_type, discount_rate, start_date, end_date) VALUES
('8801001001', '할인', 20, '2024-12-01', '2024-12-31'),
('8801001004', '1+1', NULL, '2024-12-01', '2024-12-31'),
('8801001006', '할인', 30, '2024-12-01', '2024-12-31');

-- 2. 과일 할인
INSERT INTO discount_product (barcode, discount_type, discount_rate, start_date, end_date) VALUES
('8801002001', '할인', 25, '2024-12-01', '2024-12-31'),
('8801002003', '2+1', NULL, '2024-12-01', '2024-12-31'),
('8801002004', '할인', 15, '2024-12-01', '2024-12-31');

-- 3. 육류 할인
INSERT INTO discount_product (barcode, discount_type, discount_rate, start_date, end_date) VALUES
('8801003001', '할인', 30, '2024-12-01', '2024-12-31'),
('8801003004', '1+1', NULL, '2024-12-01', '2024-12-31'),
('8801003007', '할인', 20, '2024-12-01', '2024-12-31');

-- 4. 수산물 할인
INSERT INTO discount_product (barcode, discount_type, discount_rate, start_date, end_date) VALUES
('8801004001', '할인', 25, '2024-12-01', '2024-12-31'),
('8801004003', '할인', 20, '2024-12-01', '2024-12-31'),
('8801004005', '1+1', NULL, '2024-12-01', '2024-12-31');

-- 5. 유제품 할인
INSERT INTO discount_product (barcode, discount_type, discount_rate, start_date, end_date) VALUES
('8801005001', '2+1', NULL, '2024-12-01', '2024-12-31'),
('8801005003', '할인', 15, '2024-12-01', '2024-12-31'),
('8801005005', '할인', 20, '2024-12-01', '2024-12-31');

-- 6. 양념/소스 할인
INSERT INTO discount_product (barcode, discount_type, discount_rate, start_date, end_date) VALUES
('8801006001', '할인', 20, '2024-12-01', '2024-12-31'),
('8801006004', '1+1', NULL, '2024-12-01', '2024-12-31'),
('8801006006', '할인', 30, '2024-12-01', '2024-12-31');

-- 7. 면/즉석 할인
INSERT INTO discount_product (barcode, discount_type, discount_rate, start_date, end_date) VALUES
('8801007001', '1+1', NULL, '2024-12-01', '2024-12-31'),
('8801007005', '할인', 25, '2024-12-01', '2024-12-31'),
('8801007008', '2+1', NULL, '2024-12-01', '2024-12-31');

-- 8. 음료 할인
INSERT INTO discount_product (barcode, discount_type, discount_rate, start_date, end_date) VALUES
('8801008001', '1+1', NULL, '2024-12-01', '2024-12-31'),
('8801008003', '할인', 20, '2024-12-01', '2024-12-31'),
('8801008007', '할인', 15, '2024-12-01', '2024-12-31');

-- 9. 냉동식품 할인
INSERT INTO discount_product (barcode, discount_type, discount_rate, start_date, end_date) VALUES
('8801009002', '할인', 30, '2024-12-01', '2024-12-31'),
('8801009003', '1+1', NULL, '2024-12-01', '2024-12-31'),
('8801009006', '2+1', NULL, '2024-12-01', '2024-12-31');

-- 10. 간식 할인
INSERT INTO discount_product (barcode, discount_type, discount_rate, start_date, end_date) VALUES
('8801010001', '1+1', NULL, '2024-12-01', '2024-12-31'),
('8801010007', '할인', 20, '2024-12-01', '2024-12-31'),
('8801010008', '2+1', NULL, '2024-12-01', '2024-12-31');
